{
  "author": "柳宗元",
  "title": "《江雪》",
  "content": "千山鸟飞绝，万径人踪灭。\n孤舟蓑笠翁，独钓寒江雪。",
  "dynasty": "唐",
  "authorProfile": "柳宗元（773年－819年），字子厚，唐代河东（今山西运城）人，杰出诗人、哲学家、儒学家乃至成就卓著的政治家，唐宋八大家之一。著名作品有《永州八记》等六百多篇文章，经后人辑为三十卷，名为《柳河东集》。因为他是河东人，人称柳河东，又因终于柳州刺史任上，又称柳柳州。柳宗元与韩愈同为中唐古文运动的领导人物，并称“韩柳”。在中国文化史上，其诗、文成就均极为杰出，可谓一时难分轩轾。",
  "translate": "一：千山万岭不见飞鸟的踪影，千路万径不见行人的足迹。一叶孤舟上，一位身披蓑衣头戴斗笠的渔翁，默默地在漫天风雪中垂钓。\n基本：四周的山上没有了飞鸟的踪影，小路上连一丝人的踪迹也没有，只有在江上的一只小船里有个披着蓑衣、戴着斗笠的老翁,在寒冷的江上独自垂钓。\n升华：四周的山连绵起伏，空旷的，没有了飞鸟的鸣叫和踪影，所有穿梭在山内外的小路上没有了人的行踪，只有在那宽广平静的江上，一个披着蓑衣戴着斗笠的老渔翁，一个人坐在孤零零的船上独自垂钓。",
  "shangxi": "《江雪》是唐代诗人柳宗元的一首五言山水诗，描述了一幅冰天雪地寒江，没有行人、飞鸟，只有一位老翁独处孤舟，默然垂钓。这是一幅江乡雪景图。山山是雪，路路皆白。飞鸟绝迹，人踪湮没。遐景苍茫，迩景孤冷。意境幽僻，情调凄寂。渔翁形象，精雕细琢，清晰明朗，完整突出。诗采用入声韵，韵促味永，刚劲有力。历代诗人无不交口称绝。千古丹青妙手，也争相以此为题，绘出不少动人的江天雪景图。\n　　这首五言绝句作于诗人谪居永州期间。柳宗元被贬到永州后，精神上受到很大打击和压抑。这首诗就是他借助歌咏隐居山水的渔翁，来寄托自己清高孤傲的情怀，抒发政治上失意的苦闷和压抑。诗中客观境界的幽僻更能体现出作者落寞孤寂的心情。全诗用简单而细腻的语言描绘出了一幅寒江雪钓图：千山万径都没有人烟鸟迹，天地间只有孤独的渔翁在江雪中垂钓。广阔寂寥的背景空间，更加突出了独钓的孤舟。诗人淡墨轻描，渲染出一个洁静绝美的世界。\n在这首诗里，笼罩一切、包罗一切的东西是雪、山上是雪，路上也是雪，而且“千山”、“万径”都是雪，才使得“鸟飞绝”、“人踪灭”。就连船篷上，渔翁的蓑笠上，当然也都是雪。可是作者并没有把这些景物同“雪”明显地联系在一起。相反，在这个画面里，只有江，只有江心。江，当然不会存雪，不会被雪盖住，而且即使雪下到江里，也立刻会变成水。然而作者却偏偏用了“寒江雪”三个字，把“江”和“雪”这两个关系最远的形象联系到一起，这就给人以一种比较空蒙、比较遥远、比较缩小了的感觉，这就形成了远距离的镜头。这就使得诗中主要描写的对象更集中、更灵巧、更突出。因为连江里都仿佛下满了雪，连不存雪的地方都充满了雪，这就把雪下得又大又密、又浓又厚的情形完全写出来了，把水天不分、上下苍茫一片的气氛也完全烘托出来了。至于上面再用一个“寒”字，固然是为了点明气候；但诗人的主观意图却是在想不动声色地写出渔翁的精神世界。试想，在这样一个寒冷寂静的环境里，那个老渔翁竟然不怕天冷，不怕雪大，忘掉了一切，专心地钓鱼，形体虽然孤独，性格却显得清高孤傲，甚至有点凛然不可侵犯似的。这个被幻化了的、美化了的渔翁形象，实际正是柳宗元本人的思想感情的寄托和写照。由此可见，这“寒江雪”三字正是“画龙点睛”之笔，它把全诗前后两部分有机地联系起来，不但形成了一幅凝炼概括的图景，也塑造了渔翁完整突出的形象。\n用具体而细致的手法来摹写背景，用远距离画面来描写主要形象；精雕细琢和极度的夸张概括，错综地统一在一首诗里，是这首山水小诗独有的艺术特色。"
}